{"type":"data","nodes":[null,{"type":"data","data":[{"id":1,"title":2,"description":3,"tier":4,"input":5,"output":6,"sample":7,"tags":32},1546,"평균","\u003Cp>세준이는 기말고사를 망쳤다. 세준이는 점수를 조작해서 집에 가져가기로 했다. 일단 세준이는 자기 점수 중에 최댓값을 골랐다. 이 값을 M이라고 한다. 그리고 나서 모든 점수를 점수/M*100으로 고쳤다.\u003C/p>\n\n\u003Cp>예를 들어, 세준이의 최고점이 70이고, 수학점수가 50이었으면 수학점수는 50/70*100이 되어 71.43점이 된다.\u003C/p>\n\n\u003Cp>세준이의 성적을 위의 방법대로 새로 계산했을 때, 새로운 평균을 구하는 프로그램을 작성하시오.\u003C/p>",5,"\u003Cp>첫째 줄에 시험 본 과목의 개수 N이 주어진다. 이 값은 1000보다 작거나 같다. 둘째 줄에 세준이의 현재 성적이 주어진다. 이 값은 100보다 작거나 같은 음이 아닌 정수이고, 적어도 하나의 값은 0보다 크다.\u003C/p>","\u003Cp>첫째 줄에 새로운 평균을 출력한다. 실제 정답과 출력값의 절대오차 또는 상대오차가 10\u003Csup>-2\u003C/sup> 이하이면 정답이다.\u003C/p>",[8,11,14,17,20,23,26,29],[9,10],"3\n40 80 60\n","75.0\n",[12,13],"3\n10 20 30\n","66.666667\n",[15,16],"4\n1 100 100 100\n","75.25\n",[18,19],"5\n1 2 4 8 16\n","38.75\n",[21,22],"2\n3 10\n","65.0\n",[24,25],"4\n10 20 0 100\n","32.5\n",[27,28],"1\n50\n","100.0\n",[30,31],"9\n10 20 30 40 50 60 70 80 90\n","55.55555555555556\n",[33,34],"수학","사칙연산"],"uses":{"params":["id"]}}]}
